Altium Designer Pick and Place Locations,,,,,,,,
D:\1_Altium_Project\2_OBC_V2\NANORACK_V2_OBC_HW_CAMDOAN\01_DESIGN\NANORACK_V2_OBC_HW-main\Project Outputs for obc_ver2\Pick Place for OBC_Ver2.csv,,,,,,,,
,,,,,,,,
========================================================================================================================,,,,,,,,
File Design Information:,,,,,,,,
,,,,,,,,
Date:       26/01/25,,,,,,,,
Time:       16:56,,,,,,,,
Revision:   63585768481b2989919e8ceee8f54bd9cab0b0d1,,,,,,,,
Variant:    No variations,,,,,,,,
Units used: mm,,,,,,,,
,,,,,,,,
Designator,Comment,Layer,Footprint,Center-X(mm),Center-Y(mm),Rotation,Description,
J18,77313-101-14LF,BottomLayer,AMPHENOL_77313-101-14LF,67.6,84.6,180,,
J3,M80-5114242,TopLayer,HARWIN_M80-5114242,45,5,180,,
J16,Bus_M.2_Socket_M,TopLayer,M.2_M_KEY_SOCKET,65,37.4625,0,,
U4,MTFC32GAZAQDW-AAT,BottomLayer,BGA_100_C_100P_10X17_1400X1800X150,79,33,0,,
U7,MTFC32GAZAQDW-AAT,BottomLayer,BGA_100_C_100P_10X17_1400X1800X150,49,76,90,,
U9,TPL5010QDDCTQ1,BottomLayer,SOT95P280X110-6N,45.9,23.4,90,,
U20,ISOUSB211,TopLayer,BSSOP_65P_750W_28,33.9,83.3,180,,
Y1,ECS-240-12-37B-CKY-TR,TopLayer,XTAL_ECS-240-12-37B-CKY-TR,70.7,79.4,180,,
J7,JP7,TopLayer,JP7-C1T,5.28,21.59,90,,
J6,JP8,TopLayer,JP8-C1T,2.74,20.32,270,,
H2,M3,TopLayer,HEX-M3,82.38,84.92,0,,
H1,M3,TopLayer,HEX-M3,8.89,84.92,0,,
H4,M3,TopLayer,HEX-M3,85.09,5.08,0,,
H3,M3,TopLayer,HEX-M3,5.08,5.08,0,,
D5,USBLC6-2SC6,TopLayer,SOT95P280X145-6N,74.8,79.3,270,17V Clamp 5A (8/20Âµs) Ipp Tvs Diode Surface Mount SOT-23-6,
Y4,ECS-250-12-33Q-JES-TR,BottomLayer,XTAL_ECS-250-12-33Q-JES-TR,25.6204,54.7,90,"25 MHz Â±20ppm Crystal 12pF 40 Ohms 4-SMD, No Lead",
U2,LMS1587ISX-3.3/NOPB,BottomLayer,TS3B_L,82.9,74.575,270,"3A Low Dropout Fast Response Regulators, 3-pin TO-263, Pb-Free",
C180,4.7uF/6.3V,BottomLayer,CAP_C_1005X60,59.9,41.6,0,4.7 µF ±20% 6.3V Ceramic Capacitor X7T 0402 (1005 Metric): GRT155D70J475ME13J,
C181,4.7uF/6.3V,BottomLayer,CAP_C_1005X60,40.0796,34.575,270,4.7 µF ±20% 6.3V Ceramic Capacitor X7T 0402 (1005 Metric): GRT155D70J475ME13J,
C182,4.7uF/6.3V,BottomLayer,CAP_C_1005X60,53.2796,61.5,90,4.7 µF ±20% 6.3V Ceramic Capacitor X7T 0402 (1005 Metric): GRT155D70J475ME13J,
C185,0.22uF/6.3V,BottomLayer,CAP_C_1005X60,56.3796,61.5314,90,4.7 µF ±20% 6.3V Ceramic Capacitor X7T 0402 (1005 Metric): GRT155D70J475ME13J,
C188,4.7uF/6.3V,BottomLayer,CAP_C_1005X60,61.9,41.6,0,4.7 µF ±20% 6.3V Ceramic Capacitor X7T 0402 (1005 Metric): GRT155D70J475ME13J,
C189,4.7uF/6.3V,BottomLayer,CAP_C_1005X60,40.0796,32.6,270,4.7 µF ±20% 6.3V Ceramic Capacitor X7T 0402 (1005 Metric): GRT155D70J475ME13J,
C190,4.7uF/6.3V,BottomLayer,CAP_C_1005X60,53.2796,63.5,90,4.7 µF ±20% 6.3V Ceramic Capacitor X7T 0402 (1005 Metric): GRT155D70J475ME13J,
C193,0.22uF/6.3V,BottomLayer,CAP_C_1005X60,56.3796,63.5314,90,4.7 µF ±20% 6.3V Ceramic Capacitor X7T 0402 (1005 Metric): GRT155D70J475ME13J,
D9,150060GS75000,TopLayer,WL-SMCW_0603_150060XX75000,84.9,55.2,270,430mcd Colorless transparence 520nm Emerald 140° LED0603 Light Emitting Diodes (LED) ROHS,
D8,150060GS75000,TopLayer,WL-SMCW_0603_150060XX75000,82.1,55.2,270,430mcd Colorless transparence 520nm Emerald 140° LED0603 Light Emitting Diodes (LED) ROHS,
D7,150060GS75000,TopLayer,WL-SMCW_0603_150060XX75000,7.6,23.9,90,430mcd Colorless transparence 520nm Emerald 140° LED0603 Light Emitting Diodes (LED) ROHS,
D6,150060GS75000,TopLayer,WL-SMCW_0603_150060XX75000,7.6,27.2,90,430mcd Colorless transparence 520nm Emerald 140° LED0603 Light Emitting Diodes (LED) ROHS,
U14,24LC04BT-E/SN,TopLayer,SOIC-SN8_L,57.8284,75.235,0,"4Kbit, 400kHz, 2.5V, I2C Serial EEPROM, 8-Pin SOIC 150mil, Extended Temperature, Tape and Reel",
MP1,9774015151R,TopLayer,9774015151,13.5,15,270,"9774015151R WA-SMSI SMT Steel Spacer, M2.5 Internal non Stop",
MP2,9774015151R,TopLayer,9774015151,46.5,63,270,"9774015151R WA-SMSI SMT Steel Spacer, M2.5 Internal non Stop",
MP3,9774015151R,TopLayer,9774015151,13.5,63,270,"9774015151R WA-SMSI SMT Steel Spacer, M2.5 Internal non Stop",
MP4,9774015151R,TopLayer,9774015151,46.5,15,270,"9774015151R WA-SMSI SMT Steel Spacer, M2.5 Internal non Stop",
Q1,MMBT2222A,BottomLayer,SOT95P240X120-3N,19.7,30.3,270,"BJT, SOT-23, 40V, 600mA, NPN, 0.25W, 150°C",
C1,0.22uF/10V,TopLayer,CAP_C_1005X60,45.5,87.8,0,CAPC,
C4,0.22uF/10V,TopLayer,CAP_C_1005X60,47.5,87.8,0,CAPC,
C5,0.22uF/10V,BottomLayer,CAP_C_1005X60,87.9,79.925,270,CAPC,
C8,0.22uF/10V,BottomLayer,CAP_C_1005X60,87.9,77.925,270,CAPC,
C9,0.22uF/10V,TopLayer,CAP_C_1005X60,3,80.7,0,CAPC,
C11,0.22uF/10V,TopLayer,CAP_C_1005X60,5,80.7,0,CAPC,
C13,0.22uF/6.3V,BottomLayer,CAP_C_1005X60,74.4,48.7,180,CAPC,
C14,0.22uF/6.3V,BottomLayer,CAP_C_1005X60,74.4,47.8,0,CAPC,
C15,0.22uF/6.3V,TopLayer,CAP_C_1005X60,72.1796,27.6,270,CAPC,
C17,0.22uF/6.3V,TopLayer,CAP_C_1005X60,72.1796,25.6,270,CAPC,
C18,0.22uF/6.3V,BottomLayer,CAP_C_1005X60,87,49.1,180,CAPC,
C19,0.22uF/6.3V,BottomLayer,CAP_C_1005X60,87,48.2,0,CAPC,
C20,0.22uF/6.3V,TopLayer,CAP_C_1005X60,79.8796,28.4,270,CAPC,
C21,0.22uF/6.3V,TopLayer,CAP_C_1005X60,75.2796,32.9,270,CAPC,
C22,0.22uF/6.3V,TopLayer,CAP_C_1005X60,74.3796,32.9,270,CAPC,
C23,0.22uF/6.3V,TopLayer,CAP_C_1005X60,76.8796,32.9,270,CAPC,
C24,0.22uF/6.3V,TopLayer,CAP_C_1005X60,76.0796,28.4,270,CAPC,
C25,0.22uF/6.3V,TopLayer,CAP_C_1005X60,78.0796,28.4,270,CAPC,
C26,0.22uF/6.3V,TopLayer,CAP_C_1005X60,78.9796,28.4,270,CAPC,
C27,0.22uF/6.3V,TopLayer,CAP_C_1005X60,80.9796,28.4,270,CAPC,
C30,0.22uF/6.3V,TopLayer,CAP_C_1005X60,79.8796,26.4,270,CAPC,
C31,0.22uF/6.3V,TopLayer,CAP_C_1005X60,75.2796,30.9,270,CAPC,
C32,0.22uF/6.3V,TopLayer,CAP_C_1005X60,74.3796,30.9,270,CAPC,
C33,0.22uF/6.3V,TopLayer,CAP_C_1005X60,76.8796,30.9,270,CAPC,
C34,0.22uF/6.3V,TopLayer,CAP_C_1005X60,76.0796,26.4,270,CAPC,
C35,0.22uF/6.3V,TopLayer,CAP_C_1005X60,78.0796,26.4,270,CAPC,
C36,0.22uF/6.3V,TopLayer,CAP_C_1005X60,78.9796,26.4,270,CAPC,
C37,0.22uF/6.3V,TopLayer,CAP_C_1005X60,80.9796,26.4,270,CAPC,
C38,0.22uF/6.3V,BottomLayer,CAP_C_1005X60,52.7,66.9797,180,CAPC,
C40,0.22uF/6.3V,BottomLayer,CAP_C_1005X60,50.7,66.9797,180,CAPC,
C41,0.22uF/6.3V,BottomLayer,CAP_C_1005X60,46.7796,85.3,90,CAPC,
C42,0.22uF/6.3V,BottomLayer,CAP_C_1005X60,47.6796,85.3,90,CAPC,
C43,0.22uF/6.3V,BottomLayer,CAP_C_1005X60,48.5796,85.3,90,CAPC,
C44,0.22uF/6.3V,BottomLayer,CAP_C_1005X60,49.4796,85.3,90,CAPC,
C45,0.22uF/6.3V,BottomLayer,CAP_C_1005X60,52.2796,85.3,90,CAPC,
C46,0.22uF/6.3V,BottomLayer,CAP_C_1005X60,53.1796,85.3,90,CAPC,
C47,0.22uF/6.3V,BottomLayer,CAP_C_1005X60,54.0796,85.3,90,CAPC,
C48,0.22uF/6.3V,BottomLayer,CAP_C_1005X60,54.9796,85.3,90,CAPC,
C51,0.22uF/6.3V,BottomLayer,CAP_C_1005X60,46.7796,87.3,90,CAPC,
C52,0.22uF/6.3V,BottomLayer,CAP_C_1005X60,47.6796,87.3,90,CAPC,
C53,0.22uF/6.3V,BottomLayer,CAP_C_1005X60,48.5796,87.3,90,CAPC,
C54,0.22uF/6.3V,BottomLayer,CAP_C_1005X60,49.4796,87.3,90,CAPC,
C55,0.22uF/6.3V,BottomLayer,CAP_C_1005X60,52.2796,87.3,90,CAPC,
C56,0.22uF/6.3V,BottomLayer,CAP_C_1005X60,53.1796,87.3,90,CAPC,
C57,0.22uF/6.3V,BottomLayer,CAP_C_1005X60,54.0796,87.3,90,CAPC,
C58,0.22uF/6.3V,BottomLayer,CAP_C_1005X60,54.9796,87.3,90,CAPC,
C59,0.22uF/6.3V,BottomLayer,CAP_C_1005X60,13,79.1,180,CAPC,
C60,0.22uF/6.3V,BottomLayer,CAP_C_1005X60,13,80.05,0,CAPC,
C61,0.22uF/6.3V,BottomLayer,CAP_C_1005X60,48.7,19.4,90,CAPC,
C62,0.22uF/6.3V,BottomLayer,CAP_C_1005X60,47.8,19.4,270,CAPC,
C65,0.22uF/6.3V,BottomLayer,CAP_C_1005X60,14.5,44.8,0,CAPC,
C66,0.22uF/6.3V,BottomLayer,CAP_C_1005X60,14.5,45.7,180,CAPC,
C67,0.22uF/6.3V,BottomLayer,CAP_C_1005X60,14.4,58.1,0,CAPC,
C68,0.22uF/6.3V,BottomLayer,CAP_C_1005X60,14.4,59.1,0,CAPC,
C71,0.22uF/6.3V,TopLayer,CAP_C_1005X60,68.9,64.8,90,CAPC,
C73,0.22uF/6.3V,TopLayer,CAP_C_1005X60,68,64.8,270,CAPC,
C76,0.22uF/6.3V,BottomLayer,CAP_C_1005X60,73.4,76,180,CAPC,
C77,0.22uF/6.3V,BottomLayer,CAP_C_1005X60,70.348,75.6245,270,CAPC,
C79,0.22uF/6.3V,BottomLayer,CAP_C_1005X60,70.348,77.6245,270,CAPC,
C80,0.22uF/6.3V,BottomLayer,CAP_C_1005X60,72.699,73.4244,270,CAPC,
C81,0.22uF/6.3V,BottomLayer,CAP_C_1005X60,72.699,71.4244,270,CAPC,
C84,20pF/6.3V,TopLayer,CAP_C_1005X60,70.6,81.1,0,CAPC,
C85,20pF/6.3V,TopLayer,CAP_C_1005X60,68.8,79.4,270,CAPC,
C86,0.22uF/6.3V,BottomLayer,CAP_C_1005X60,68.3,72.5,0,CAPC,
C87,0.22uF/6.3V,BottomLayer,CAP_C_1005X60,68.3,71.6,0,CAPC,
C88,0.22uF/6.3V,BottomLayer,CAP_C_1005X60,71.799,73.4244,270,CAPC,
C89,0.22uF/6.3V,BottomLayer,CAP_C_1005X60,71.699,67.3745,90,CAPC,
C90,0.22uF/6.3V,BottomLayer,CAP_C_1005X60,74.2,71.2,180,CAPC,
C91,0.22uF/6.3V,BottomLayer,CAP_C_1005X60,69.299,67.3745,90,CAPC,
C92,0.22uF/6.3V,BottomLayer,CAP_C_1005X60,75.174,67.9495,180,CAPC,
C93,0.22uF/6.3V,BottomLayer,CAP_C_1005X60,75.174,68.8495,180,CAPC,
C96,0.22uF/6.3V,BottomLayer,CAP_C_1005X60,70.3,72.5,0,CAPC,
C97,0.22uF/6.3V,BottomLayer,CAP_C_1005X60,70.3,71.6,0,CAPC,
C98,0.22uF/6.3V,BottomLayer,CAP_C_1005X60,71.799,71.4244,270,CAPC,
C99,0.22uF/6.3V,BottomLayer,CAP_C_1005X60,71.699,69.3745,90,CAPC,
C100,0.22uF/6.3V,BottomLayer,CAP_C_1005X60,73.199,69.9495,180,CAPC,
C101,0.22uF/6.3V,BottomLayer,CAP_C_1005X60,69.299,69.3745,90,CAPC,
C102,0.22uF/6.3V,BottomLayer,CAP_C_1005X60,73.174,67.9495,180,CAPC,
C103,0.22uF/6.3V,BottomLayer,CAP_C_1005X60,73.174,68.8495,180,CAPC,
C104,0.22uF/6.3V,BottomLayer,CAP_C_1005X60,18.2,23.5,90,CAPC,
C105,0.22uF/10V,BottomLayer,CAP_C_1005X60,18.8,13.5,270,CAPC,
C106,0.22uF/6.3V,BottomLayer,CAP_C_1005X60,19.1,23.5,270,CAPC,
C107,0.22uF/10V,BottomLayer,CAP_C_1005X60,17.9,13.5,90,CAPC,
C108,0.22uF/6.3V,BottomLayer,CAP_C_1005X60,35.9,22.575,90,CAPC,
C109,0.22uF/10V,BottomLayer,CAP_C_1005X60,36.1,12.8,270,CAPC,
C110,0.22uF/6.3V,BottomLayer,CAP_C_1005X60,36.8,22.575,270,CAPC,
C111,0.22uF/10V,BottomLayer,CAP_C_1005X60,37,12.8,90,CAPC,
C112,0.22uF/10V,BottomLayer,CAP_C_1005X60,71.6,14.4,180,CAPC,
C113,0.22uF/6.3V,BottomLayer,CAP_C_1005X60,82.2,14.4,0,CAPC,
C114,0.22uF/10V,BottomLayer,CAP_C_1005X60,69.9,13.8,270,CAPC,
C115,0.22uF/6.3V,BottomLayer,CAP_C_1005X60,83.9,13.9,270,CAPC,
C116,0.22uF/10V,BottomLayer,CAP_C_1005X60,53.7,14.6,180,CAPC,
C117,0.22uF/6.3V,BottomLayer,CAP_C_1005X60,54.3,26.1,90,CAPC,
C118,0.22uF/10V,BottomLayer,CAP_C_1005X60,53.7,15.5,0,CAPC,
C119,0.22uF/6.3V,BottomLayer,CAP_C_1005X60,53.4,26.1,270,CAPC,
C120,0.22uF/10V,BottomLayer,CAP_C_1005X60,25.3,12.6,90,CAPC,
C121,0.22uF/6.3V,BottomLayer,CAP_C_1005X60,24.4,27,90,CAPC,
C122,0.22uF/10V,BottomLayer,CAP_C_1005X60,26.2,12.6,270,CAPC,
C123,0.22uF/6.3V,BottomLayer,CAP_C_1005X60,25.3,27,270,CAPC,
C124,0.22uF/6.3V,TopLayer,CAP_C_1005X60,54.575,43.9,0,CAPC,
C125,0.22uF/6.3V,TopLayer,CAP_C_1005X60,56.6,43.9,0,CAPC,
C126,0.22uF/6.3V,TopLayer,CAP_C_1005X60,26.8,84.9,270,CAPC,
C127,0.22uF/6.3V,TopLayer,CAP_C_1005X60,41.1,80.7,0,CAPC,
C128,0.22uF/6.3V,TopLayer,CAP_C_1005X60,41.1,78.9,0,CAPC,
C129,0.22uF/6.3V,TopLayer,CAP_C_1005X60,26.7,78.9,180,CAPC,
C130,0.22uF/6.3V,TopLayer,CAP_C_1005X60,25.9,84.9,90,CAPC,
C131,0.22uF/6.3V,TopLayer,CAP_C_1005X60,41.1,81.6,180,CAPC,
C132,0.22uF/6.3V,TopLayer,CAP_C_1005X60,41.1,79.8,180,CAPC,
C133,0.22uF/6.3V,TopLayer,CAP_C_1005X60,26.7,79.8,0,CAPC,
C134,0.22uF/6.3V,TopLayer,CAP_C_1005X60,26.7,80.7,180,CAPC,
C135,0.22uF/6.3V,TopLayer,CAP_C_1005X60,42,84.2,0,CAPC,
C136,0.22uF/6.3V,TopLayer,CAP_C_1005X60,26.7,81.6,0,CAPC,
C137,0.22uF/6.3V,TopLayer,CAP_C_1005X60,42,85.1,180,CAPC,
C138,0.22uF/6.3V,TopLayer,CAP_C_1005X60,17.275,74.1,0,CAPC,
C139,0.22uF/6.3V,TopLayer,CAP_C_1005X60,17.3,73.2,180,CAPC,
C140,0.22uF/6.3V,BottomLayer,CAP_C_1005X60,4.525,66.3,180,CAPC,
C141,0.22uF/6.3V,BottomLayer,CAP_C_1005X60,4.525,67.2,0,CAPC,
C142,0.22uF/6.3V,BottomLayer,CAP_C_1005X60,9.5,58.4,270,CAPC,
C143,0.22uF/6.3V,BottomLayer,CAP_C_1005X60,9,56.9,180,CAPC,
C144,0.22uF/6.3V,BottomLayer,CAP_C_1005X60,14,67.9,180,CAPC,
C145,0.22uF/6.3V,BottomLayer,CAP_C_1005X60,14,68.8,0,CAPC,
C146,0.22uF/6.3V,BottomLayer,CAP_C_1005X60,4.6,68.1,180,CAPC,
C147,0.22uF/6.3V,BottomLayer,CAP_C_1005X60,4.6,69,0,CAPC,
C148,0.22uF/6.3V,BottomLayer,CAP_C_1005X60,37.4,67.1,0,CAPC,
C149,0.22uF/6.3V,BottomLayer,CAP_C_1005X60,27.7,67.1,180,CAPC,
C150,0.22uF/6.3V,BottomLayer,CAP_C_1005X60,37.4,68,180,CAPC,
C151,0.22uF/6.3V,BottomLayer,CAP_C_1005X60,27.7,68,0,CAPC,
C152,0.22uF/6.3V,BottomLayer,CAP_C_1005X60,27.6,72.7,180,CAPC,
C153,0.22uF/6.3V,BottomLayer,CAP_C_1005X60,37.4,72.7,0,CAPC,
C154,0.22uF/6.3V,BottomLayer,CAP_C_1005X60,27.6,73.6,0,CAPC,
C155,0.22uF/6.3V,BottomLayer,CAP_C_1005X60,37.4,73.6,180,CAPC,
C156,0.22uF/6.3V,BottomLayer,CAP_C_1005X60,18,65.9,270,CAPC,
C157,0.22uF/6.3V,BottomLayer,CAP_C_1005X60,23.5,65.9,270,CAPC,
C158,0.22uF/6.3V,BottomLayer,CAP_C_1005X60,18.9,65.9,90,CAPC,
C159,0.22uF/6.3V,BottomLayer,CAP_C_1005X60,24.4,65.9,90,CAPC,
C160,0.22uF/10V,TopLayer,CAP_C_1005X60,72.5,47.5,180,CAPC,
C161,0.22uF/10V,TopLayer,CAP_C_1005X60,57.7,49.375,270,CAPC,
C162,0.22uF/10V,TopLayer,CAP_C_1005X60,59.4,49.375,270,CAPC,
C163,0.22uF/10V,TopLayer,CAP_C_1005X60,70.5,47.5,180,CAPC,
C164,0.22uF/10V,TopLayer,CAP_C_1005X60,57.7,47.375,270,CAPC,
C165,0.22uF/10V,TopLayer,CAP_C_1005X60,59.4,47.375,270,CAPC,
C183,0.22uF/6.3V,BottomLayer,CAP_C_1005X60,60.6796,48.4,0,CAPC,
C184,0.22uF/6.3V,BottomLayer,CAP_C_1005X60,33.4,42.8,180,CAPC,
C191,0.22uF/6.3V,BottomLayer,CAP_C_1005X60,62.6796,48.4,0,CAPC,
C192,0.22uF/6.3V,BottomLayer,CAP_C_1005X60,31.4,42.8,180,CAPC,
C194,0.22uF/6.3V,BottomLayer,CAP_C_1005X60,33.4,54,180,CAPC,
C195,0.22uF/6.3V,BottomLayer,CAP_C_1005X60,33.4,54.9,180,CAPC,
C196,0.22uF/6.3V,BottomLayer,CAP_C_1005X60,51,61,0,CAPC,
C197,0.22uF/6.3V,BottomLayer,CAP_C_1005X60,40.7796,61.5314,90,CAPC,
C198,0.22uF/6.3V,BottomLayer,CAP_C_1005X60,60.6796,53.7,0,CAPC,
C199,0.22uF/6.3V,BottomLayer,CAP_C_1005X60,59.9046,40.3,0,CAPC,
C200,0.22uF/6.3V,BottomLayer,CAP_C_1005X60,51,34.7,270,CAPC,
C201,0.22uF/6.3V,BottomLayer,CAP_C_1005X60,45.8796,34.7,270,CAPC,
C202,0.22uF/6.3V,BottomLayer,CAP_C_1005X60,37.6796,34.6,270,CAPC,
C203,0.22uF/6.3V,BottomLayer,CAP_C_1005X60,33.4,41.9,180,CAPC,
C204,0.22uF/6.3V,BottomLayer,CAP_C_1005X60,33.4,45.5,180,CAPC,
C205,0.22uF/6.3V,BottomLayer,CAP_C_1005X60,33.4,47.9,180,CAPC,
C206,0.22uF/6.3V,BottomLayer,CAP_C_1005X60,60.7046,47.4,0,CAPC,
C208,0.22uF/6.3V,BottomLayer,CAP_C_1005X60,31.4,54,180,CAPC,
C209,0.22uF/6.3V,BottomLayer,CAP_C_1005X60,31.4,54.9,180,CAPC,
C210,0.22uF/6.3V,BottomLayer,CAP_C_1005X60,51,61.9,180,CAPC,
C211,0.22uF/6.3V,BottomLayer,CAP_C_1005X60,40.7796,63.5314,90,CAPC,
C212,0.22uF/6.3V,BottomLayer,CAP_C_1005X60,62.6796,53.7,0,CAPC,
C213,0.22uF/6.3V,BottomLayer,CAP_C_1005X60,61.9046,40.3,0,CAPC,
C214,0.22uF/6.3V,BottomLayer,CAP_C_1005X60,51,32.7,270,CAPC,
C215,0.22uF/6.3V,BottomLayer,CAP_C_1005X60,46.7,34.7,90,CAPC,
C216,0.22uF/6.3V,BottomLayer,CAP_C_1005X60,37.7,32.6,270,CAPC,
C217,0.22uF/6.3V,BottomLayer,CAP_C_1005X60,31.4,41.9,180,CAPC,
C218,0.22uF/6.3V,BottomLayer,CAP_C_1005X60,33.4,44.6,0,CAPC,
C219,0.22uF/6.3V,BottomLayer,CAP_C_1005X60,33.4,47,0,CAPC,
C220,0.22uF/6.3V,BottomLayer,CAP_C_1005X60,62.7046,47.4,0,CAPC,
C221,0.22uF/6.3V,BottomLayer,CAP_C_1005X60,29.275,42.3,180,CAPC,
C222,0.22uF/6.3V,BottomLayer,CAP_C_1005X60,27.175,42.3,180,CAPC,
C223,16pF/6.3V,BottomLayer,CAP_C_1005X60,23.3,54.7,270,CAPC,
C224,16pF/6.3V,BottomLayer,CAP_C_1005X60,25.625,57.3,0,CAPC,
C179,0.22uF/10V,BottomLayer,CAP_C_1005X60,13.3,30.3,0,CAPC,
C178,0.22uF/10V,BottomLayer,CAP_C_1005X60,13.3,31.2,0,CAPC,
C177,0.22uF/10V,BottomLayer,CAP_C_1005X60,13.3,32.1,0,CAPC,
C176,0.22uF/10V,BottomLayer,CAP_C_1005X60,13.3,25.5,0,CAPC,
C175,0.22uF/10V,BottomLayer,CAP_C_1005X60,13.3,26.4,0,CAPC,
C174,0.22uF/10V,BottomLayer,CAP_C_1005X60,13.3,27.3,0,CAPC,
C171,0.22uF/10V,BottomLayer,CAP_C_1005X60,11.3,30.3,0,CAPC,
C170,0.22uF/10V,BottomLayer,CAP_C_1005X60,11.3,31.2,0,CAPC,
C169,0.22uF/10V,BottomLayer,CAP_C_1005X60,11.3,32.1,0,CAPC,
C168,0.22uF/10V,BottomLayer,CAP_C_1005X60,11.3,25.5,0,CAPC,
C167,0.22uF/10V,BottomLayer,CAP_C_1005X60,11.3,26.4,0,CAPC,
C166,0.22uF/10V,BottomLayer,CAP_C_1005X60,11.3,27.3,0,CAPC,
C83,0.22uF/6.3V,TopLayer,CAP_C_1005X60,62.6,76.2,180,CAPC,
C82,0.22uF/6.3V,TopLayer,CAP_C_1005X60,62.6,77.2,0,CAPC,
C75,0.22uF/6.3V,TopLayer,CAP_C_1005X60,61.551,72.1,180,CAPC,
C74,0.22uF/6.3V,TopLayer,CAP_C_1005X60,63.551,72.1,180,CAPC,
C70,0.22uF/6.3V,BottomLayer,CAP_C_1005X60,75.525,78.6,0,CAPC,
C69,0.22uF/6.3V,BottomLayer,CAP_C_1005X60,75.525,77.7,180,CAPC,
C64,0.22uF/6.3V,BottomLayer,CAP_C_1005X60,28.5,54.6,90,CAPC,
C63,0.22uF/6.3V,BottomLayer,CAP_C_1005X60,28.5,56.6,90,CAPC,
C2,10uF/6.3V,TopLayer,CAP_MP_2012X170,45.5,81.9,90,CAPP,
C3,10uF/10V,TopLayer,CAP_MP_2012X170,45.5,85.5,270,CAPP,
C6,10uF/10V,BottomLayer,CAP_MP_2012X170,87.5,83.5,90,CAPP,
C7,10uF/6.3V,BottomLayer,CAP_MP_2012X170,79.7,64.1,180,CAPP,
C10,10uF/10V,TopLayer,CAP_MP_2012X170,3,78.4,270,CAPP,
C12,10uF/6.3V,TopLayer,CAP_MP_2012X170,3,74.8,90,CAPP,
C16,1uF/6.3V,TopLayer,CAP_MP_1608X90,70.9796,26.9,270,CAPP,
C28,4.7uF/6.3V,TopLayer,CAP_MP_1608X90,78.1,32.6,270,CAPP,
C29,4.7uF/6.3V,TopLayer,CAP_MP_1608X90,82.4,27.9,270,CAPP,
C39,1uF/6.3V,BottomLayer,CAP_MP_1608X90,52,65.7797,180,CAPP,
C49,4.7uF/6.3V,BottomLayer,CAP_MP_1608X90,45.5,86.1,90,CAPP,
C50,4.7uF/6.3V,BottomLayer,CAP_MP_1608X90,51.1,86.1,90,CAPP,
C72,1uF/6.3V,TopLayer,CAP_MP_1608X90,70.1,64.2,270,CAPP,
C78,1uF/6.3V,BottomLayer,CAP_MP_1608X90,71.548,77.1995,90,CAPP,
C94,4.7uF/6.3V,BottomLayer,CAP_MP_1608X90,68.9,73.7,0,CAPP,
C95,4.7uF/6.3V,BottomLayer,CAP_MP_1608X90,70.499,67.9495,90,CAPP,
C186,4.7uF/6.3V,BottomLayer,CAP_MP_1608X90,55.1796,62.1314,90,CAPP,
C187,4.7uF/6.3V,BottomLayer,CAP_MP_1608X90,61.2796,49.6,0,CAPP,
C207,10uF/6.3V,BottomLayer,CAP_MP_2012X170,32.5796,56.5,180,CAPP,
C173,10uF/10V,BottomLayer,CAP_MP_2012X170,12.1,33.5,0,CAPP,
C172,10uF/10V,BottomLayer,CAP_MP_2012X170,12.125,28.8,0,CAPP,
U11,MX25L8006EM1I-12G,BottomLayer,SOIC127P602X173-8N,14.5,48.9,0,FLASH - NOR Memory IC 8Mb (1M x 8) SPI 86 MHz 8-SOP,
U12,MX25L8006EM1I-12G/DNP,TopLayer,SOIC127P602X173-8N,60.851,68.9,0,FLASH - NOR Memory IC 8Mb (1M x 8) SPI 86 MHz 8-SOP,
U10,MB85RS2MTAPNF-G-BDERE1,BottomLayer,SOIC127P602X173-8N,14.5,54.7,180,FRAM _Ferroelectric RAM_ Memory IC 2Mb _256K x 8_ SPI 40MHz 8-SOP,
U26,STM32H745ZIT3,BottomLayer,FP-LQFP144-1A-MFG,47,48,0,HIGH-PERFORMANCE AND DSP WITH DP,
U15,ADUM1250WSRZ,BottomLayer,SOIC127P602X173-8N,20.4,18.5,270,IÂ²C Digital Isolator 2500Vrms 2 Channel 1Mbps 25kV/Âµs CMTI 8-SOIC (0.154," 3.90mm Width)"""
U16,ADUM1250WSRZ,BottomLayer,SOIC127P602X173-8N,38.2,17.7,270,IÂ²C Digital Isolator 2500Vrms 2 Channel 1Mbps 25kV/Âµs CMTI 8-SOIC (0.154," 3.90mm Width)"""
U24,ADUM1250WSRZ,BottomLayer,SOIC127P602X173-8N,32.5,74.7,0,IÂ²C Digital Isolator 2500Vrms 2 Channel 1Mbps 25kV/Âµs CMTI 8-SOIC (0.154," 3.90mm Width)"""
U25,ADUM1250WSRZ,BottomLayer,SOIC127P602X173-8N,21.1,69.7,0,IÂ²C Digital Isolator 2500Vrms 2 Channel 1Mbps 25kV/Âµs CMTI 8-SOIC (0.154," 3.90mm Width)"""
U27,ADUM1250WSRZ,BottomLayer,SOIC127P602X173-8N,32.5,69,0,IÂ²C Digital Isolator 2500Vrms 2 Channel 1Mbps 25kV/Âµs CMTI 8-SOIC (0.154," 3.90mm Width)"""
U13,USB2642-I/ML,TopLayer,FP-48QFN-5304-7X7B-IPC_A,71.95,70.5494,0,IC INTERFACE SPECIALIZED 48QFN,
U5,TS3A27518ETRTWRQ1,BottomLayer,FP-RTW0024B-IPC_A,70,50,180,IC MUX/DEMUX 1X2 24WQFN,
U6,TS3A27518ETRTWRQ1,BottomLayer,FP-RTW0024B-IPC_A,82.5,50,180,IC MUX/DEMUX 1X2 24WQFN,
U21,FSUSB42MUX,TopLayer,FP-846AP-MFG,18.4,77.7784,90,IC USB SWITCH DPDT 10MSOP,
D12,150060YS75000,TopLayer,WL-SMCW_0603_150060XX75000,79.3,55.2,90,LED YELLOW CLEAR 0603 SMD,
D15,150060YS75000,TopLayer,WL-SMCW_0603_150060XX75000,24.5,84.2,90,LED YELLOW CLEAR 0603 SMD,
D18,150060YS75000,TopLayer,WL-SMCW_0603_150060XX75000,7.6,11.7,90,LED YELLOW CLEAR 0603 SMD,
D17,150060YS75000,TopLayer,WL-SMCW_0603_150060XX75000,7.6,17.3,90,LED YELLOW CLEAR 0603 SMD,
D16,150060YS75000,TopLayer,WL-SMCW_0603_150060XX75000,7.6,20.6,90,LED YELLOW CLEAR 0603 SMD,
D14,150060YS75000,TopLayer,WL-SMCW_0603_150060XX75000,7.6,30.5,90,LED YELLOW CLEAR 0603 SMD,
D13,150060YS75000,TopLayer,WL-SMCW_0603_150060XX75000,7.6,33.7,90,LED YELLOW CLEAR 0603 SMD,
D11,150060YS75000,TopLayer,WL-SMCW_0603_150060XX75000,53.6,11.8,0,LED YELLOW CLEAR 0603 SMD,
D10,150060YS75000,TopLayer,WL-SMCW_0603_150060XX75000,87.7,55.2,270,LED YELLOW CLEAR 0603 SMD,
D3,150060YS75000,TopLayer,WL-SMCW_0603_150060XX75000,4.1,70.7,270,LED YELLOW CLEAR 0603 SMD,
D2,150060YS75000,TopLayer,WL-SMCW_0603_150060XX75000,80.9,79.2,0,LED YELLOW CLEAR 0603 SMD,
D1,150060YS75000,TopLayer,WL-SMCW_0603_150060XX75000,41.6,87.7,0,LED YELLOW CLEAR 0603 SMD,
J4,0473460001/DNP,TopLayer,47346-0001_MOL,86.1498,77.7,90,No Description Available,
J9,0473460001/DNP,TopLayer,47346-0001_MOL,17.5,86.1498,180,No Description Available,
U22,MAX14431CAEE+,BottomLayer,21-0055Q_E16MS+1F_MXM,6.2,61.7,90,No Description Available,
TP3,5006,TopLayer,FP-5006-MFG,11,5,180,PC TEST POINT COMPACT BLACK,
J1,53261-0271,BottomLayer,MOLX-53261-0271_V,5,77.1,90,"PicoBlade(TM) Header, Right Angle, -40 to 85 degC, 2-Pin SMD, RoHS, Tape and Reel",
U8,RV-3129-C3-32.768KHZ-OPTION-A-TB-QA,BottomLayer,IC_RV-3129-C3_32.768KHZ_OPTION_A_TB_QA,10.1,77.35,180,"Real-Time Clock Module, Temperature compensated, in 2.5 x 3.7 mm package",
R112,4.7k,BottomLayer,RES_C_1608X60,22.2,34.1,90,RES,
R4,4.7k,BottomLayer,RES_C_1608X60,68,46.2,0,RES,
R5,4.7k,TopLayer,RES_C_1608X60,72.1,32.9,270,RES,
R6,4.7k,BottomLayer,RES_C_1608X60,66.2,51.7,90,RES,
R7,4.7k,BottomLayer,RES_C_1608X60,80.7,46,0,RES,
R8,4.7k,BottomLayer,RES_C_1608X60,78.7,52,90,RES,
R9,4.7k,BottomLayer,RES_C_1608X60,45.1,67,180,RES,
R10,4.7k,BottomLayer,RES_C_1608X60,8.8,73.6,180,RES,
R11,4.7k,BottomLayer,RES_C_1608X60,13.4,77.9,0,RES,
R12,4.7k,BottomLayer,RES_C_1608X60,13.4,75.1,0,RES,
R13,4.7k,BottomLayer,RES_C_1608X60,13.4,76.5,0,RES,
R14,4.7k,BottomLayer,RES_C_1608X60,10.1,80.15,180,RES,
R17,0R/1%,BottomLayer,RES_C_1608X60,48.4,24.6,270,RES,
R20,4.7k,BottomLayer,RES_C_1608X60,16.875,58.4,180,RES,
R21,4.7k,BottomLayer,RES_C_1608X60,11.925,58.4,0,RES,
R22,4.7k,BottomLayer,RES_C_1608X60,17,45.4,180,RES,
R23,4.7k,BottomLayer,RES_C_1608X60,12,45.4,180,RES,
R30,4.7k,BottomLayer,RES_C_1608X60,73.899,73.0494,270,RES,
R33,4.7k,BottomLayer,RES_C_1608X60,69.899,64.3495,90,RES,
R34,4.7k,BottomLayer,RES_C_1608X60,68.399,64.3495,90,RES,
R38,4.7k,BottomLayer,RES_C_1608X60,67.4,70.4,180,RES,
R39,4.7k,BottomLayer,RES_C_1608X60,67.4,69,180,RES,
R40,4.7k,BottomLayer,RES_C_1608X60,22.1,23,0,RES,
R41,4.7k,BottomLayer,RES_C_1608X60,21.8,13.9,0,RES,
R42,4.7k,BottomLayer,RES_C_1608X60,22.1,24.6,0,RES,
R43,4.7k,BottomLayer,RES_C_1608X60,21.8,12.4,0,RES,
R45,4.7k,BottomLayer,RES_C_1608X60,39.6,22.2,0,RES,
R46,4.7k,BottomLayer,RES_C_1608X60,39.6,13.1,0,RES,
R47,4.7k,BottomLayer,RES_C_1608X60,39.6,23.6,0,RES,
R48,4.7k,BottomLayer,RES_C_1608X60,39.6,11.7,0,RES,
R49,4.7k,BottomLayer,RES_C_1608X60,84.2,11.5,90,RES,
R50,120R/1%,BottomLayer,RES_C_1608X60,69.6,11.3,90,RES,
R51,120R/1%,BottomLayer,RES_C_1608X60,68.2,11.3,270,RES,
R52,4.7k,BottomLayer,RES_C_1608X60,55.9,28,180,RES,
R53,120R/1%,BottomLayer,RES_C_1608X60,57.5,12.525,270,RES,
R54,120R/1%,BottomLayer,RES_C_1608X60,58.9,12.525,90,RES,
R55,4.7k,BottomLayer,RES_C_1608X60,30.4,27.3,90,RES,
R56,120R/1%,BottomLayer,RES_C_1608X60,28.2,12.7,180,RES,
R57,4.7k,BottomLayer,RES_C_1608X60,26.5,27.4,90,RES,
R58,4.7k,BottomLayer,RES_C_1608X60,29,27.3,270,RES,
R59,120R/1%,BottomLayer,RES_C_1608X60,31,12.7,0,RES,
R60,1k,TopLayer,RES_C_1608X60,77.9,55.2,90,RES,
R61,0R/1%,TopLayer,RES_C_1608X60,54.3,49.8,270,RES,
R62,1k,TopLayer,RES_C_1608X60,55,42.7,0,RES,
R66,1k,TopLayer,RES_C_1608X60,23.1,84.2,90,RES,
R68,1k,TopLayer,RES_C_1608X60,15.5,79,270,RES,
R69,1k,TopLayer,RES_C_1608X60,15.5,76.2,270,RES,
R70,4.7k,BottomLayer,RES_C_1608X60,4.6,56.4,90,RES,
R71,4.7k,TopLayer,RES_C_1608X60,28.1,71.3,90,RES,
R72,4.7k,TopLayer,RES_C_1608X60,37.7,71,90,RES,
R73,4.7k,TopLayer,RES_C_1608X60,29.5,71.3,90,RES,
R74,4.7k,TopLayer,RES_C_1608X60,36.3,71,90,RES,
R75,4.7k,BottomLayer,RES_C_1608X60,27.8,77.1,90,RES,
R76,4.7k,TopLayer,RES_C_1608X60,37.6,76.4,90,RES,
R77,4.7k,BottomLayer,RES_C_1608X60,26.2,77.1,90,RES,
R78,4.7k,TopLayer,RES_C_1608X60,36.2,76.4,90,RES,
R79,4.7k,TopLayer,RES_C_1608X60,25.5,71.3,90,RES,
R80,4.7k,TopLayer,RES_C_1608X60,24.1,71.3,90,RES,
R88,4.7k,BottomLayer,RES_C_1608X60,35.7,34.7,90,RES,
R89,4.7k,BottomLayer,RES_C_1608X60,38.8796,34.2,90,RES,
R108,0R/1%,BottomLayer,RES_C_1608X60,31.1,44.7,90,RES,
R109,1k,BottomLayer,RES_C_1608X60,26.275,44.5,270,RES,
R87,1k,BottomLayer,RES_C_1608X60,7.6,11.7,270,RES,
R86,4.7k,TopLayer,RES_C_1608X60,7.6,39.9,90,RES,
R85,4.7k,BottomLayer,RES_C_1608X60,7.6,39.9,90,RES,
R84,1k,BottomLayer,RES_C_1608X60,16.7,28.3,90,RES,
R83,1k,BottomLayer,RES_C_1608X60,7.6,17.3,90,RES,
R82,1k,BottomLayer,RES_C_1608X60,7.6,20.6,90,RES,
R81,4.7k,BottomLayer,RES_C_1608X60,23.6,34.1,90,RES,
R67,4.7k,TopLayer,RES_C_1608X60,7.6,44.5,270,RES,
R65,1k,BottomLayer,RES_C_1608X60,7.6,30.5,90,RES,
R64,1k,BottomLayer,RES_C_1608X60,7.6,33.7,90,RES,
R63,0R/1%,BottomLayer,RES_C_1608X60,16.7,31.5,90,RES,
R44,1k,TopLayer,RES_C_1608X60,53.6,10.4,180,RES,
R36,4.7k,TopLayer,RES_C_1608X60,63.051,74.9,0,RES,
R35,4.7k,TopLayer,RES_C_1608X60,63.051,73.5,0,RES,
R31,1k,TopLayer,RES_C_1608X60,86.3,55.2,90,RES,
R29,4.7k/DNP,TopLayer,RES_C_1608X60,55.549,70.5,180,RES,
R28,4.7k/DNP,TopLayer,RES_C_1608X60,55.549,69.1,180,RES,
R27,1k,TopLayer,RES_C_1608X60,83.5,55.2,90,RES,
R26,1k,TopLayer,RES_C_1608X60,80.7,55.2,90,RES,
R25,1k,BottomLayer,RES_C_1608X60,7.6,23.9,270,RES,
R24,1k,BottomLayer,RES_C_1608X60,7.6,27.2,270,RES,
R16,4.7k,BottomLayer,RES_C_1608X60,29.7,55,90,RES,
R3,1k,TopLayer,RES_C_1608X60,2.7,70.7,90,RES,
R2,1k,TopLayer,RES_C_1608X60,80.9,77.825,0,RES,
R1,1k,TopLayer,RES_C_1608X60,41.6,86.3,180,RES,
R90,10k,TopLayer,RES_C_1608X60,65.5,31.7,270,"RES 4.7K OHM 1% 1/10W 0603, P/N: ERJ-U03F4701V",
R91,10k,TopLayer,RES_C_1608X60,58.9,29.125,270,"RES 4.7K OHM 1% 1/10W 0603, P/N: ERJ-U03F4701V",
R92,10k,TopLayer,RES_C_1608X60,60.3,29.125,270,"RES 4.7K OHM 1% 1/10W 0603, P/N: ERJ-U03F4701V",
R93,10k,TopLayer,RES_C_1608X60,62.7,31.7,270,"RES 4.7K OHM 1% 1/10W 0603, P/N: ERJ-U03F4701V",
R94,10k,TopLayer,RES_C_1608X60,64.1,31.7,270,"RES 4.7K OHM 1% 1/10W 0603, P/N: ERJ-U03F4701V",
R95,10k,TopLayer,RES_C_1608X60,47,77.8,0,"RES 4.7K OHM 1% 1/10W 0603, P/N: ERJ-U03F4701V",
R96,10k,TopLayer,RES_C_1608X60,72.7,36.1,270,"RES 4.7K OHM 1% 1/10W 0603, P/N: ERJ-U03F4701V",
R97,10k,TopLayer,RES_C_1608X60,50.525,76.4,180,"RES 4.7K OHM 1% 1/10W 0603, P/N: ERJ-U03F4701V",
R98,10k,TopLayer,RES_C_1608X60,58.3,38.8,180,"RES 4.7K OHM 1% 1/10W 0603, P/N: ERJ-U03F4701V",
R99,10k,TopLayer,RES_C_1608X60,50.525,77.8,180,"RES 4.7K OHM 1% 1/10W 0603, P/N: ERJ-U03F4701V",
R100,10k,TopLayer,RES_C_1608X60,58.3,37.4,180,"RES 4.7K OHM 1% 1/10W 0603, P/N: ERJ-U03F4701V",
R101,10k,TopLayer,RES_C_1608X60,50.525,75,180,"RES 4.7K OHM 1% 1/10W 0603, P/N: ERJ-U03F4701V",
R102,10k,TopLayer,RES_C_1608X60,58.3,36,180,"RES 4.7K OHM 1% 1/10W 0603, P/N: ERJ-U03F4701V",
R103,10k,TopLayer,RES_C_1608X60,47,76.4,0,"RES 4.7K OHM 1% 1/10W 0603, P/N: ERJ-U03F4701V",
R104,10k,TopLayer,RES_C_1608X60,58.3,34.6,180,"RES 4.7K OHM 1% 1/10W 0603, P/N: ERJ-U03F4701V",
R106,10k,TopLayer,RES_C_1608X60,47,75,0,"RES 4.7K OHM 1% 1/10W 0603, P/N: ERJ-U03F4701V",
R111,10k,TopLayer,RES_C_1608X60,61.4,48.4,180,"RES 4.7K OHM 1% 1/10W 0603, P/N: ERJ-U03F4701V",
R110,10k,BottomLayer,RES_C_1608X60,61.1,51.9,180,"RES 4.7K OHM 1% 1/10W 0603, P/N: ERJ-U03F4701V",
R15,10k/DNP,BottomLayer,RES_C_1608X60,48.4,21.8,270,"RES SMD 10K OHM 1% 1/10W 0603, P/N: ERJ-3EKF1002V",
R107,0R/DNP,TopLayer,RES_C_1608X60,77.1,82.5,90,"RES SMD 12K OHM 1% 1/10W 0603, P/N: ERJ-3EKF1202V",
R105,0R/DNP,TopLayer,RES_C_1608X60,77.1,85.7,90,"RES SMD 12K OHM 1% 1/10W 0603, P/N: ERJ-3EKF1202V",
R32,12k,BottomLayer,RES_C_1608X60,69.1,76.4,90,"RES SMD 12K OHM 1% 1/10W 0603, P/N: ERJ-3EKF1202V",
R37,1M,TopLayer,RES_C_1608X60,70.7,77.5,180,"RES SMD 12K OHM 1% 1/10W 0603, P/N: ERJ-3EKF1202V",
R19,16.5k/1%,BottomLayer,RES_C_1608X60,45.9,19.1,180,"RES SMD 16.5K OHM 1% 1/10W 0603, P/N: ERJ-3EKF1652V",
R18,19.1k/1%,BottomLayer,RES_C_1608X60,45.9,20.5,180,"RES SMD 19.1K OHM 1% 1/10W 0603, P/N: ERJ-3EKF1912V",
U23,ISO7721DR,BottomLayer,SOIC127P602X173-8N,9.3,70,0,"Robust EMC, dual-channel, 1/1, reinforced digital isolator 8-SOIC -55 to 125",
U19,ISO1432DW,BottomLayer,SOIC127P1030X265-16N,29.6,19.8,270,RS-422/RS-485 Interface IC 5-kVrms isolated RS-485/RS-422 transceiver with robust EMC 16-SOIC -40 to 125,
U1,TPS7A4533DCQR,TopLayer,DCQ0006A_M,51.1976,84,0,"Single Output Fast Transient Response LDO, 1.5 A, Fixed 3.3 V Output, 2.1 to 20 V Input, 6-pin SOT-223 (DCQ), -40 to 125 degC, Green (RoHS & no Sb/Br)",
U3,TPS7A4533DCQR,TopLayer,DCQ0006A_M,8.7,76.9,0,"Single Output Fast Transient Response LDO, 1.5 A, Fixed 3.3 V Output, 2.1 to 20 V Input, 6-pin SOT-223 (DCQ), -40 to 125 degC, Green (RoHS & no Sb/Br)",
TP5,,TopLayer,TEST_POINT_1_SIDE,86.5,60.1,0,Test Point,
TP2,,TopLayer,TEST_POINT_1_SIDE,81,61.1,0,Test Point,
TP1,,TopLayer,TEST_POINT_1_SIDE,54.7,81.3,0,Test Point,
TP8,,TopLayer,TEST_POINT_1_SIDE,14,8,0,Test Point,
TP7,,TopLayer,TEST_POINT_1_SIDE,7.7,14.3,0,Test Point,
TP6,,TopLayer,TEST_POINT_1_SIDE,11,8,0,Test Point,
TP4,,TopLayer,TEST_POINT_1_SIDE,71.7,62.4,0,Test Point,
U17,ISO1042BQDWVRQ1,BottomLayer,FP-DWV0008A-IPC_B,76.9,11.5,180,TRANSCEIVER,
U18,ISO1042BQDWVRQ1,BottomLayer,FP-DWV0008A-IPC_B,57.3,20.6,270,TRANSCEIVER,
J5,JP1,TopLayer,JP1-D1T,24.9,87.4,270,WR-PHD 2.54 mm Angled Socket Header,
J27,JP2,TopLayer,JP2-D1T,2.74,48.26,270,WR-PHD 2.54 mm Angled Socket Header,
J26,JP2,TopLayer,JP2-D1T,2.74,43.18,270,WR-PHD 2.54 mm Angled Socket Header,
J25,JP2,TopLayer,JP2-D1T,5.28,38.1,270,WR-PHD 2.54 mm Angled Socket Header,
J24,JP2,TopLayer,JP2-D1T,5.28,33.02,270,WR-PHD 2.54 mm Angled Socket Header,
J23,JP2,TopLayer,JP2-D1T,5.28,48.26,270,WR-PHD 2.54 mm Angled Socket Header,
J22,JP2,TopLayer,JP2-D1T,5.28,43.18,270,WR-PHD 2.54 mm Angled Socket Header,
J20,JP2,TopLayer,JP2-D1T,3,85.37,270,WR-PHD 2.54 mm Angled Socket Header,
J19,/DNP,TopLayer,JP4-C1T,2.74,35.56,270,WR-PHD 2.54 mm Angled Socket Header,
J17,JP1,TopLayer,JP1-D1T,87.2,44,90,WR-PHD 2.54 mm Angled Socket Header,
J15,JP2,TopLayer,JP2-D1T,64.03,9.9,0,WR-PHD 2.54 mm Angled Socket Header,
J12,/DNP,TopLayer,JP4-C1T,87.2,15.33,90,WR-PHD 2.54 mm Angled Socket Header,
J10,/DNP,TopLayer,JP4-C1T,87.2,26.27,90,WR-PHD 2.54 mm Angled Socket Header,
J8,/DNP,TopLayer,JP4-C1T,87.2,37.17,90,WR-PHD 2.54 mm Angled Socket Header,
J2,JP1,TopLayer,JP1-D1T,87.1,64.2,0,WR-PHD 2.54 mm Angled Socket Header,
Y2,ECS-327ATQMV-AS-TR,TopLayer,FP-327ATQMV-MFG,55.2,46.4,90,XTAL OSC XO 32.7680KHZ CMOS SMD,
Y3,ECS-327ATQMV-AS-TR,BottomLayer,FP-327ATQMV-MFG,28.675,44.9,90,XTAL OSC XO 32.7680KHZ CMOS SMD,
CM4,Raspberry Pi Compute Module 4,TopLayer,CM4-DF40HC(3.0)-100DS-0.4V_3MM_1.5MM,13.04,36.5,180,Raspberry Pi Compute Module 4 by Amornthep Phunsin,
CM4B,Raspberry Pi Compute Module 4,TopLayer,CM4-DF40HC(3.0)-100DS-0.4V_3MM_1.5MM,46.96 ,36.5,180,Raspberry Pi Compute Module 4 by Amornthep Phunsin,
MH5,,,,65,26.75,0,,
MH6,,,,65,14.75,0,,
